,Name,Link
38,Academic,catalogue/category/books/academic_40/index.html
16,Add a comment,catalogue/category/books/add-a-comment_18/index.html
27,Adult Fiction,catalogue/category/books/adult-fiction_29/index.html
23,Art,catalogue/category/books/art_25/index.html
25,Autobiography,catalogue/category/books/autobiography_27/index.html
34,Biography,catalogue/category/books/biography_36/index.html
33,Business,catalogue/category/books/business_35/index.html
9,Childrens,catalogue/category/books/childrens_11/index.html
41,Christian,catalogue/category/books/christian_43/index.html
32,Christian Fiction,catalogue/category/books/christian-fiction_34/index.html
4,Classics,catalogue/category/books/classics_6/index.html
36,Contemporary,catalogue/category/books/contemporary_38/index.html
49,Crime,catalogue/category/books/crime_51/index.html
47,Cultural,catalogue/category/books/cultural_49/index.html
13,Default,catalogue/category/books/default_15/index.html
48,Erotica,catalogue/category/books/erotica_50/index.html
17,Fantasy,catalogue/category/books/fantasy_19/index.html
8,Fiction,catalogue/category/books/fiction_10/index.html
31,Food and Drink,catalogue/category/books/food-and-drink_33/index.html
45,Health,catalogue/category/books/health_47/index.html
40,Historical,catalogue/category/books/historical_42/index.html
2,Historical Fiction,catalogue/category/books/historical-fiction_4/index.html
30,History,catalogue/category/books/history_32/index.html
29,Horror,catalogue/category/books/horror_31/index.html
28,Humor,catalogue/category/books/humor_30/index.html
12,Music,catalogue/category/books/music_14/index.html
1,Mystery,catalogue/category/books/mystery_3/index.html
18,New Adult,catalogue/category/books/new-adult_20/index.html
11,Nonfiction,catalogue/category/books/nonfiction_13/index.html
44,Novels,catalogue/category/books/novels_46/index.html
22,Paranormal,catalogue/category/books/paranormal_24/index.html
26,Parenting,catalogue/category/books/parenting_28/index.html
5,Philosophy,catalogue/category/books/philosophy_7/index.html
21,Poetry,catalogue/category/books/poetry_23/index.html
46,Politics,catalogue/category/books/politics_48/index.html
24,Psychology,catalogue/category/books/psychology_26/index.html
10,Religion,catalogue/category/books/religion_12/index.html
6,Romance,catalogue/category/books/romance_8/index.html
20,Science,catalogue/category/books/science_22/index.html
14,Science Fiction,catalogue/category/books/science-fiction_16/index.html
39,Self Help,catalogue/category/books/self-help_41/index.html
3,Sequential Art,catalogue/category/books/sequential-art_5/index.html
43,Short Stories,catalogue/category/books/short-stories_45/index.html
37,Spirituality,catalogue/category/books/spirituality_39/index.html
15,Sports and Games,catalogue/category/books/sports-and-games_17/index.html
42,Suspense,catalogue/category/books/suspense_44/index.html
35,Thriller,catalogue/category/books/thriller_37/index.html
0,Travel,catalogue/category/books/travel_2/index.html
7,Womens Fiction,catalogue/category/books/womens-fiction_9/index.html
19,Young Adult,catalogue/category/books/young-adult_21/index.html
