,Title,Price,Review,Image
0,Unicorn Tracks,£18.78,Three,/media/cache/76/8e/768ea5924ac1ef6297c2be9959c796c2.jpg
1,"Saga, Volume 6 (Saga (Collected Editions) #6)",£25.02,Three,/media/cache/43/ae/43aee83ebb31e2122a7215e413770e5c.jpg
2,Princess Between Worlds (Wide-Awake Princess #5),£13.34,Five,/media/cache/b7/e8/b7e84b78be3d9bb79b71156a5e5d4e42.jpg
3,Masks and Shadows,£56.40,Two,/media/cache/ff/e8/ffe81bf98f8386ef29e193abfb6f9c1e.jpg
4,Crown of Midnight (Throne of Glass #2),£43.29,Three,/media/cache/66/25/6625e3bbb050de3e42a0c302c0d69f1f.jpg
5,"Avatar: The Last Airbender: Smoke and Shadow, Part 3 (Smoke and Shadow #3)",£28.09,Two,/media/cache/06/18/061811c5845d0e13bc04b2a755f0830f.jpg
6,A Court of Thorns and Roses (A Court of Thorns and Roses #1),£52.37,One,/media/cache/c0/88/c08816960890396213a423941af65b8f.jpg
7,Throne of Glass (Throne of Glass #1),£35.07,Three,/media/cache/32/d6/32d6aa560e8ddf2a4da1526b95d4c7ab.jpg
8,The Glittering Court (The Glittering Court #1),£44.28,One,/media/cache/3e/0b/3e0b16851bec08b6cbf78d5f64af9114.jpg
9,Hollow City (Miss Peregrineâs Peculiar Children #2),£42.98,One,/media/cache/e2/60/e260b008b7ea7970562295b7bc64b0cb.jpg
10,The Star-Touched Queen,£46.02,Five,/media/cache/53/5e/535e2be0b423797c2cdc7d98882c820a.jpg
11,The Hidden Oracle (The Trials of Apollo #1),£52.26,Two,/media/cache/b4/67/b467a4f01ca6ae8464b9425a156c7c32.jpg
12,The Bane Chronicles (The Bane Chronicles #1-11),£44.73,Four,/media/cache/9a/33/9a333c4a06ce187c5c9d2f5969ddcac2.jpg
13,Island of Dragons (Unwanteds #7),£29.65,One,/media/cache/75/b9/75b99691594fde72ccb1831624cfeff6.jpg
14,Demigods & Magicians: Percy and Annabeth Meet the Kanes (Percy Jackson & Kane Chronicles Crossover #1-3),£37.51,Five,/media/cache/8f/80/8f8074d9f035c2a0ef8595ad89f7bcc8.jpg
15,City of Glass (The Mortal Instruments #3),£56.02,Four,/media/cache/00/08/0008e65aa431ed3625ad3a4352f8e90d.jpg
16,Searching for Meaning in Gailana,£38.73,One,/media/cache/3b/04/3b045fe0394dc192950a0ec9e3812fe4.jpg
17,The Star-Touched Queen,£32.30,Five,/media/cache/d3/0d/d30dd8b6be6f9fcfd17178e8083238b6.jpg
18,A Shard of Ice (The Black Symphony Saga #1),£56.63,Three,/media/cache/27/64/27649cb5da52970f4bb2fc5234a48578.jpg
19,King's Folly (The Kinsman Chronicles #1),£39.61,Five,/media/cache/3e/2d/3e2d526ee062008ab1cbf54f90a5abb2.jpg
20,Every Heart a Doorway (Every Heart A Doorway #1),£12.16,Five,/media/cache/50/d4/50d41a24990208deb72c9802a6c1e540.jpg
21,A Gathering of Shadows (Shades of Magic #2),£44.81,Four,/media/cache/48/b2/48b20fcc9ab722729de2c4da3d4de26e.jpg
22,The Raven Boys (The Raven Cycle #1),£57.74,Four,/media/cache/3c/a4/3ca4889e4bb7f9a1cc1d7a1c920e9d42.jpg
23,The False Prince (The Ascendance Trilogy #1),£56.00,Five,/media/cache/f8/e3/f8e371e2869d13b9d89999f8d5173245.jpg
24,Tell the Wind and Fire,£45.51,Three,/media/cache/3b/0c/3b0c5f4df26b73659af4e25107499384.jpg
25,A Feast for Crows (A Song of Ice and Fire #4),£17.21,Four,/media/cache/b3/6b/b36b278233baf55ebaad761d8d3d0fec.jpg
26,The Demonists (Demonist #1),£52.11,Two,/media/cache/1a/d2/1ad2a260776198051f4d1849be347cc6.jpg
27,The Beast (Black Dagger Brotherhood #14),£46.08,Five,/media/cache/1b/3f/1b3f5057f9e7f7cb81a8c10b58024145.jpg
28,Paper and Fire (The Great Library #2),£49.45,Five,/media/cache/a7/04/a704d4248b21c0cdd8038c1b8345ed17.jpg
29,Harry Potter and the Order of the Phoenix (Harry Potter #5),£31.63,Four,/media/cache/96/11/9611147982037cd7d79483452938c10f.jpg
30,Harry Potter and the Half-Blood Prince (Harry Potter #6),£48.75,Five,/media/cache/c8/24/c8248518fb59de3a798a4b5baae949b5.jpg
31,Harry Potter and the Chamber of Secrets (Harry Potter #2),£14.74,One,/media/cache/fc/08/fc08dcfc1ae86bbd5bc0bca74c9b6d3d.jpg
32,The Rose & the Dagger (The Wrath and the Dawn #2),£58.64,Four,/media/cache/57/9c/579cd2ca789c8a796a1864d08ee8d686.jpg
33,Soldier (Talon #3),£24.72,Two,/media/cache/7b/96/7b96f6e11b388ee800c7fd17fe479444.jpg
34,Midnight Riot (Peter Grant/ Rivers of London - books #1),£55.46,Two,/media/cache/e6/57/e6574a313ad7e6adf97a1d71318f9a7f.jpg
35,Heir to the Sky,£44.07,Four,/media/cache/6d/b1/6db1568e09d10652593638a5f85e7202.jpg
36,Eragon (The Inheritance Cycle #1),£43.87,Three,/media/cache/2d/62/2d625f26cb3bbeef851221f125b81daf.jpg
37,Darkfever (Fever #1),£56.02,One,/media/cache/af/08/af08d08c90b4df63ca5a2819a754da18.jpg
38,Ash,£22.06,Four,/media/cache/d7/f0/d7f00033bda3779b2fd017e32e7c800c.jpg
39,A Storm of Swords (A Song of Ice and Fire #3),£31.22,Two,/media/cache/39/83/3983449f17095ed15a4878d6bc8114c9.jpg
40,Vampire Girl (Vampire Girl #1),£53.82,Two,/media/cache/ea/55/ea5547a00ad163902faba6929369bc77.jpg
41,The Silent Twin (Detective Jennifer Knight #3),£36.25,Three,/media/cache/a0/7b/a07b53e1708f9055145aa1ec3af8608d.jpg
42,The Mirror & the Maze (The Wrath and the Dawn #1.5),£29.38,One,/media/cache/84/a8/84a85a5ecca2bdc17e219241938ebdba.jpg
43,Sister Sable (The Mad Queen #1),£13.33,Three,/media/cache/2c/89/2c89c4c5528ab4b9101701437953df75.jpg
44,Shadow Rites (Jane Yellowrock #10),£21.72,Four,/media/cache/7a/0d/7a0d52ec06a57c117c0b99c7980756e7.jpg
45,Origins (Alphas 0.5),£28.99,One,/media/cache/12/9b/129b70d7b45d78a26459e7445e0e13e2.jpg
46,One Second (Seven #7),£52.94,Two,/media/cache/3f/f3/3ff3f7a0f3c949bb7adbe5f7fe80b9ab.jpg
47,Myriad (Prentor #1),£58.75,Four,/media/cache/6b/fa/6bfae8a489ff53f50467705c1e6fff19.jpg
